<?xml version="1.0" encoding="UTF-8"?>
<!-- SessionID:2020-06-15_185004,HostName:IP-10-0-1-113.EC2.INTERNAL,FileType:OVAL Variables,StreamName:RHEL_7_STIG-002.006,ErrorCount:0,WarnCount:0 -->

<oval-var:oval_variables xsi:schemaLocation="http://oval.mitre.org/XMLSchema/oval-common-5 https://raw.githubusercontent.com/OVALProject/Language/5.11.2/schemas/oval-common-schema.xsd http://oval.mitre.org/XMLSchema/oval-variables-5 https://raw.githubusercontent.com/OVALProject/Language/5.11.2/schemas/oval-variables-schema.xsd" xmlns:oval-var="http://oval.mitre.org/XMLSchema/oval-variables-5" xmlns:oval="http://oval.mitre.org/XMLSchema/oval-common-5" xmlns:xsi="http://www.w3.org/2001/XMLSchema-instance">
      <oval-var:generator>
            <oval:product_name>SCAP Compliance Checker</oval:product_name>
            <oval:product_version>5.3</oval:product_version>
            <oval:schema_version>5.11.2</oval:schema_version>
            <oval:timestamp>2020-06-15T18:50:18</oval:timestamp>
      </oval-var:generator>
      <oval-var:variables>
            <oval-var:variable datatype="string" id="oval:mil.disa.stig.rhel7:var:3745" comment="">
                  <oval-var:value>^(\\n|\s)*You\s+are\s+accessing\s+a\s+U\.S\.\s+Government\s+\(USG\)\s+Information\s+System\s+\(IS\)\s+that\s+is\s+provided\s+for\s+USG-authorized\s+use\s+only\.\s*(\\n|\n)+\s*By\s+using\s+this\s+IS\s+\(which\s+includes\s+any\s+device\s+attached\s+to\s+this\s+IS\),\s+you\s+consent\s+to\s+the\s+following\s+conditions\:\s*(\\n|\n)+\s*-The\s+USG\s+routinely\s+intercepts\s+and\s+monitors\s+communications\s+on\s+this\s+IS\s+for\s+purposes\s+including,\s+but\s+not\s+limited\s+to,\s+penetration\s+testing,\s+COMSEC\s+monitoring,\s+network\s+operations\s+and\s+defense,\s+personnel\s+misconduct\s+\(PM\),\s+law\s+enforcement\s+\(LE\),\s+and\s+counterintelligence\s+\(CI\)\s+investigations\.\s*(\\n|\n)+\s*-At\s+any\s+time,\s+the\s+USG\s+may\s+inspect\s+and\s+seize\s+data\s+stored\s+on\s+this\s+IS\.\s*(\\n|\n)+\s*-Communications\s+using,\s+or\s+data\s+stored\s+on,\s+this\s+IS\s+are\s+not\s+private,\s+are\s+subject\s+to\s+routine\s+monitoring,\s+interception,\s+and\s+search,\s+and\s+may\s+be\s+disclosed\s+or\s+used\s+for\s+any\s+USG-authorized\s+purpose\.\s*(\\n|\n)+\s*-This\s+IS\s+includes\s+security\s+measures\s+\(e\.g\.,\s+authentication\s+and\s+access\s+controls\)\s+to\s+protect\s+USG\s+interests--not\s+for\s+your\s+personal\s+benefit\s+or\s+privacy\.\s*(\\n|\n)+\s*-Notwithstanding\s+the\s+above,\s+using\s+this\s+IS\s+does\s+not\s+constitute\s+consent\s+to\s+PM,\s+LE\s+or\s+CI\s+investigative\s+searching\s+or\s+monitoring\s+of\s+the\s+content\s+of\s+privileged\s+communications,\s+or\s+work\s+product,\s+related\s+to\s+personal\s+representation\s+or\s+services\s+by\s+attorneys,\s+psychotherapists,\s+or\s+clergy,\s+and\s+their\s+assistants\.\s+Such\s+communications\s+and\s+work\s+product\s+are\s+private\s+and\s+confidential\.\s+See\s+User\s+Agreement\s+for\s+details\.(\\n|\s)*$</oval-var:value>
            </oval-var:variable>
            <oval-var:variable datatype="string" id="oval:mil.disa.stig.rhel7:var:3828" comment="">
                  <oval-var:value>900</oval-var:value>
            </oval-var:variable>
            <oval-var:variable datatype="string" id="oval:mil.disa.stig.rhel7:var:3805" comment="">
                  <oval-var:value>-1</oval-var:value>
            </oval-var:variable>
            <oval-var:variable datatype="string" id="oval:mil.disa.stig.rhel7:var:3798" comment="">
                  <oval-var:value>-1</oval-var:value>
            </oval-var:variable>
            <oval-var:variable datatype="string" id="oval:mil.disa.stig.rhel7:var:3796" comment="">
                  <oval-var:value>-1</oval-var:value>
            </oval-var:variable>
            <oval-var:variable datatype="string" id="oval:mil.disa.stig.rhel7:var:3803" comment="">
                  <oval-var:value>-1</oval-var:value>
            </oval-var:variable>
            <oval-var:variable datatype="string" id="oval:mil.disa.stig.rhel7:var:3797" comment="">
                  <oval-var:value>8</oval-var:value>
            </oval-var:variable>
            <oval-var:variable datatype="string" id="oval:mil.disa.stig.rhel7:var:3801" comment="">
                  <oval-var:value>4</oval-var:value>
            </oval-var:variable>
            <oval-var:variable datatype="string" id="oval:mil.disa.stig.rhel7:var:3800" comment="">
                  <oval-var:value>3</oval-var:value>
            </oval-var:variable>
            <oval-var:variable datatype="string" id="oval:mil.disa.stig.rhel7:var:3799" comment="">
                  <oval-var:value>4</oval-var:value>
            </oval-var:variable>
            <oval-var:variable datatype="string" id="oval:mil.disa.stig.rhel7:var:3794" comment="">
                  <oval-var:value>1</oval-var:value>
            </oval-var:variable>
            <oval-var:variable datatype="string" id="oval:mil.disa.stig.rhel7:var:3793" comment="">
                  <oval-var:value>60</oval-var:value>
            </oval-var:variable>
            <oval-var:variable datatype="string" id="oval:mil.disa.stig.rhel7:var:3806" comment="">
                  <oval-var:value>5</oval-var:value>
            </oval-var:variable>
            <oval-var:variable datatype="string" id="oval:mil.disa.stig.rhel7:var:3802" comment="">
                  <oval-var:value>15</oval-var:value>
            </oval-var:variable>
            <oval-var:variable datatype="string" id="oval:mil.disa.stig.rhel7:var:3790" comment="">
                  <oval-var:value>0</oval-var:value>
            </oval-var:variable>
            <oval-var:variable datatype="string" id="oval:mil.disa.stig.rhel7:var:3761" comment="">
                  <oval-var:value>4</oval-var:value>
            </oval-var:variable>
            <oval-var:variable datatype="string" id="oval:mil.disa.stig.rhel7:var:4211" comment="">
                  <oval-var:value>077</oval-var:value>
            </oval-var:variable>
            <oval-var:variable datatype="string" id="oval:mil.disa.stig.rhel7:var:3821" comment="">
                  <oval-var:value>root</oval-var:value>
            </oval-var:variable>
            <oval-var:variable datatype="string" id="oval:mil.disa.stig.rhel7:var:3792" comment="">
                  <oval-var:value>10</oval-var:value>
            </oval-var:variable>
            <oval-var:variable datatype="string" id="oval:mil.disa.stig.rhel7:var:3866" comment="">
                  <oval-var:value>600</oval-var:value>
            </oval-var:variable>
            <oval-var:variable datatype="string" id="oval:mil.disa.stig.rhel7:var:4175" comment="">
                  <oval-var:value>hmac-sha2-512,hmac-sha2-256</oval-var:value>
            </oval-var:variable>
            <oval-var:variable datatype="string" id="oval:mil.disa.stig.rhel7:var:3771" comment="">
                  <oval-var:value>0</oval-var:value>
            </oval-var:variable>
            <oval-var:variable datatype="string" id="oval:mil.disa.stig.rhel7:var:3776" comment="">
                  <oval-var:value>0</oval-var:value>
            </oval-var:variable>
            <oval-var:variable datatype="string" id="oval:mil.disa.stig.rhel7:var:3780" comment="">
                  <oval-var:value>1</oval-var:value>
            </oval-var:variable>
            <oval-var:variable datatype="string" id="oval:mil.disa.stig.rhel7:var:3775" comment="">
                  <oval-var:value>0</oval-var:value>
            </oval-var:variable>
            <oval-var:variable datatype="string" id="oval:mil.disa.stig.rhel7:var:3785" comment="">
                  <oval-var:value>0</oval-var:value>
            </oval-var:variable>
            <oval-var:variable datatype="string" id="oval:mil.disa.stig.rhel7:var:3770" comment="">
                  <oval-var:value>0</oval-var:value>
            </oval-var:variable>
      </oval-var:variables>
</oval-var:oval_variables>
